

=== https://dev.mysql.com/doc/refman/9.1/en/database-use.html[Creating and Using a Database]

[source,sql]
---------
mysql> SHOW DATABASES;
+--------------------+
| Database           |
+--------------------+
| information_schema |
| mysql              |
| performance_schema |
| sys                |
+--------------------+
4 rows in set (0.08 sec)
---------

==== https://dev.mysql.com/doc/refman/9.1/en/creating-database.html[Creating and Selecting a Database]

[source,sql]
---------
mysql> CREATE DATABASE menagerie;
Query OK, 1 row affected (0.01 sec)a
---------

[source,sql]
---------
mysql> USE menagerie;
Database changed
---------

[source,sql]
---------
mysql> SELECT DATABASE();
+------------+
| DATABASE() |
+------------+
| menagerie  |
+------------+
1 row in set (0.01 sec)
---------

==== https://dev.mysql.com/doc/refman/9.1/en/creating-tables.html[Creating a Table]

[source,sql]
---------
mysql> SHOW TABLES;
Empty set (0.01 sec)
---------

[source,sql]
---------
mysql> CREATE TABLE pet (name VARCHAR(20), owner VARCHAR(20),
    -> species VARCHAR(20), sex CHAR(1), birth DATE, death DATE);
Query OK, 0 rows affected (0.03 sec)
---------

[source,sql]
---------
mysql> DESCRIBE pet;
+---------+-------------+------+-----+---------+-------+
| Field   | Type        | Null | Key | Default | Extra |
+---------+-------------+------+-----+---------+-------+
| name    | varchar(20) | YES  |     | NULL    |       |
| owner   | varchar(20) | YES  |     | NULL    |       |
| species | varchar(20) | YES  |     | NULL    |       |
| sex     | char(1)     | YES  |     | NULL    |       |
| birth   | date        | YES  |     | NULL    |       |
| death   | date        | YES  |     | NULL    |       |
+---------+-------------+------+-----+---------+-------+
6 rows in set (0.01 sec)
---------

==== https://dev.mysql.com/doc/refman/9.1/en/loading-tables.html[Loading Data into a Table]

[source,tsv]
---------
Whistler    Gwen    bird    \n  1997-12-09  \n
---------

[source,sql]
---------
mysql> LOAD DATA LOCAL INFILE './pet.txt' INTO TABLE pet;
ERROR 3948 (42000): Loading local data is disabled; this must be enabled on both the client and server sides
---------

[source,sql]
---------
mysql> INSERT INTO pet
    -> VALUES('Whistler', 'Gwen', 'bird', NULL, '1997-12-09', NULL);
Query OK, 1 row affected (0.03 sec)
---------

[source,sql]
---------
mysql> INSERT INTO pet
    ->        VALUES ('Puffball','Diane','hamster','f','1999-03-30',NULL);
Query OK, 1 row affected (0.01 sec)
---------

[source,sql]
---------
mysql> DELETE FROM pet;
Query OK, 9 rows affected (0.01 sec)
---------

[source,sql]
---------
DROP TABLE pet;
---------

==== https://dev.mysql.com/doc/refman/9.1/en/retrieving-data.html[Retrieving Information from a Table]
===== https://dev.mysql.com/doc/refman/9.1/en/selecting-all.html[Selecting all Data]

[source,sql]
---------
 INSERT INTO pet VALUES('Fluffy', 'Harold', 'cat', 'f', '1993-02-04', NULL);
 INSERT INTO pet VALUES('Claws', 'Gwen', 'cat', 'm', '1994-03-17', NULL);
 INSERT INTO pet VALUES ('Buffy','Harold','dog','f','1989-05-13',NULL);
 INSERT INTO pet VALUES('Fang', 'Benny', 'dog', 'm', '1990-08-27', NULL);
 INSERT INTO pet VALUES ('Bowser','Diane','dog','m','1979-08-31', '1995-07-29');
 INSERT INTO pet VALUES('Chirpy', 'Gwen', 'bird', 'f', '1998-09-11', NULL);
 INSERT INTO pet VALUES ('Whistler','Gwen','bird',NULL,'1997-12-09',NULL);
 INSERT INTO pet VALUES('Slim', 'Benny', 'snake', 'm', '1996-04-29', NULL);
 INSERT INTO pet VALUES ('Puffball','Diane','hamster','f','1999-03-30',NULL);
---------

[source,sql]
---------
mysql> SELECT * FROM pet;
+----------+--------+---------+------+------------+------------+
| name     | owner  | species | sex  | birth      | death      |
+----------+--------+---------+------+------------+------------+
| Fluffy   | Harold | cat     | f    | 1993-02-04 | NULL       |
| Claws    | Gwen   | cat     | m    | 1994-03-17 | NULL       |
| Buffy    | Harold | dog     | f    | 1989-05-13 | NULL       |
| Fang     | Benny  | dog     | m    | 1990-08-27 | NULL       |
| Bowser   | Diane  | dog     | m    | 1979-08-31 | 1995-07-29 |
| Chirpy   | Gwen   | bird    | f    | 1998-09-11 | NULL       |
| Whistler | Gwen   | bird    | NULL | 1997-12-09 | NULL       |
| Slim     | Benny  | snake   | m    | 1996-04-29 | NULL       |
| Puffball | Diane  | hamster | f    | 1999-03-30 | NULL       |
+----------+--------+---------+------+------------+------------+
9 rows in set (0.01 sec)
---------

[source,sql]
---------
mysql> UPDATE pet SET birth = '1989-08-31' WHERE name = 'Bowser';
Query OK, 1 row affected (0.00 sec)
Rows matched: 1  Changed: 1  Warnings: 0
---------

===== https://dev.mysql.com/doc/refman/9.1/en/selecting-rows.html[Selecting Particular Rows]

[source,sql]
---------
mysql> SELECT * FROM pet WHERE name = 'Bowser';
+--------+-------+---------+------+------------+------------+
| name   | owner | species | sex  | birth      | death      |
+--------+-------+---------+------+------------+------------+
| Bowser | Diane | dog     | m    | 1989-08-31 | 1995-07-29 |
+--------+-------+---------+------+------------+------------+
1 row in set (0.01 sec)
---------

[source,sql]
---------
mysql> SELECT * FROM pet WHERE birth >= '1998-1-1';
+----------+-------+---------+------+------------+-------+
| name     | owner | species | sex  | birth      | death |
+----------+-------+---------+------+------------+-------+
| Chirpy   | Gwen  | bird    | f    | 1998-09-11 | NULL  |
| Puffball | Diane | hamster | f    | 1999-03-30 | NULL  |
+----------+-------+---------+------+------------+-------+
2 rows in set (0.00 sec)
---------

[source,sql]
---------
mysql> SELECT * FROM pet WHERE species = 'dog' AND sex = 'f';
+-------+--------+---------+------+------------+-------+
| name  | owner  | species | sex  | birth      | death |
+-------+--------+---------+------+------------+-------+
| Buffy | Harold | dog     | f    | 1989-05-13 | NULL  |
+-------+--------+---------+------+------------+-------+
1 row in set (0.00 sec)
---------

[source,sql]
---------
mysql> SELECT * FROM pet WHERE species = 'snake' OR species = 'bird';
+----------+-------+---------+------+------------+-------+
| name     | owner | species | sex  | birth      | death |
+----------+-------+---------+------+------------+-------+
| Chirpy   | Gwen  | bird    | f    | 1998-09-11 | NULL  |
| Whistler | Gwen  | bird    | NULL | 1997-12-09 | NULL  |
| Slim     | Benny | snake   | m    | 1996-04-29 | NULL  |
+----------+-------+---------+------+------------+-------+
3 rows in set (0.00 sec)
---------

[source,sql]
---------
mysql> SELECT * FROM pet WHERE (species = 'cat' AND sex = 'm') OR (species = 'dog' AND sex = 'f');
+-------+--------+---------+------+------------+-------+
| name  | owner  | species | sex  | birth      | death |
+-------+--------+---------+------+------------+-------+
| Claws | Gwen   | cat     | m    | 1994-03-17 | NULL  |
| Buffy | Harold | dog     | f    | 1989-05-13 | NULL  |
+-------+--------+---------+------+------------+-------+
2 rows in set (0.01 sec)
---------

===== https://dev.mysql.com/doc/refman/9.1/en/selecting-columns.html[Selecting Particular Columns]

[source,sql]
---------
mysql> SELECT name, birth FROM pet;
+----------+------------+
| name     | birth      |
+----------+------------+
| Fluffy   | 1993-02-04 |
| Claws    | 1994-03-17 |
| Buffy    | 1989-05-13 |
| Fang     | 1990-08-27 |
| Bowser   | 1989-08-31 |
| Chirpy   | 1998-09-11 |
| Whistler | 1997-12-09 |
| Slim     | 1996-04-29 |
| Puffball | 1999-03-30 |
+----------+------------+
9 rows in set (0.01 sec)
---------


[source,sql]
---------
mysql> SELECT owner FROM pet;
+--------+
| owner  |
+--------+
| Harold |
| Gwen   |
| Harold |
| Benny  |
| Diane  |
| Gwen   |
| Gwen   |
| Benny  |
| Diane  |
+--------+
9 rows in set (0.00 sec)
---------

[source,sql]
---------
mysql> SELECT DISTINCT owner FROM pet;
+--------+
| owner  |
+--------+
| Harold |
| Gwen   |
| Benny  |
| Diane  |
+--------+
4 rows in set (0.00 sec)
---------

[source,sql]
---------
mysql> SELECT name, species, birth FROM pet
    -> WHERE species = 'dog' OR species = 'cat';
+--------+---------+------------+
| name   | species | birth      |
+--------+---------+------------+
| Fluffy | cat     | 1993-02-04 |
| Claws  | cat     | 1994-03-17 |
| Buffy  | dog     | 1989-05-13 |
| Fang   | dog     | 1990-08-27 |
| Bowser | dog     | 1989-08-31 |
+--------+---------+------------+
5 rows in set (0.00 sec)
---------

===== https://dev.mysql.com/doc/refman/9.1/en/sorting-rows.html[Sorting Rows]

[source,sql]
---------
mysql> SELECT name, birth FROM pet ORDER BY birth;
+----------+------------+
| name     | birth      |
+----------+------------+
| Buffy    | 1989-05-13 |
| Bowser   | 1989-08-31 |
| Fang     | 1990-08-27 |
| Fluffy   | 1993-02-04 |
| Claws    | 1994-03-17 |
| Slim     | 1996-04-29 |
| Whistler | 1997-12-09 |
| Chirpy   | 1998-09-11 |
| Puffball | 1999-03-30 |
+----------+------------+
9 rows in set (0.00 sec)
---------


[source,sql]
---------
mysql> SELECT name, birth FROM pet ORDER BY birth DESC;
+----------+------------+
| name     | birth      |
+----------+------------+
| Puffball | 1999-03-30 |
| Chirpy   | 1998-09-11 |
| Whistler | 1997-12-09 |
| Slim     | 1996-04-29 |
| Claws    | 1994-03-17 |
| Fluffy   | 1993-02-04 |
| Fang     | 1990-08-27 |
| Bowser   | 1989-08-31 |
| Buffy    | 1989-05-13 |
+----------+------------+
9 rows in set (0.00 sec)
---------

[source,sql]
---------
mysql> SELECT name, species, birth FROM pet
    -> ORDER BY species, birth DESC;
+----------+---------+------------+
| name     | species | birth      |
+----------+---------+------------+
| Chirpy   | bird    | 1998-09-11 |
| Whistler | bird    | 1997-12-09 |
| Claws    | cat     | 1994-03-17 |
| Fluffy   | cat     | 1993-02-04 |
| Fang     | dog     | 1990-08-27 |
| Bowser   | dog     | 1989-08-31 |
| Buffy    | dog     | 1989-05-13 |
| Puffball | hamster | 1999-03-30 |
| Slim     | snake   | 1996-04-29 |
+----------+---------+------------+
9 rows in set (0.00 sec)
---------

===== https://dev.mysql.com/doc/refman/9.1/en/date-calculations.html[Data Calculations]

[source,sql]
---------
mysql> SELECT name, birth, CURDATE(),
    -> TIMESTAMPDIFF(YEAR, birth, CURDATE()) AS age
    -> FROM pet;
+----------+------------+------------+------+
| name     | birth      | CURDATE()  | age  |
+----------+------------+------------+------+
| Fluffy   | 1993-02-04 | 2025-01-11 |   31 |
| Claws    | 1994-03-17 | 2025-01-11 |   30 |
| Buffy    | 1989-05-13 | 2025-01-11 |   35 |
| Fang     | 1990-08-27 | 2025-01-11 |   34 |
| Bowser   | 1989-08-31 | 2025-01-11 |   35 |
| Chirpy   | 1998-09-11 | 2025-01-11 |   26 |
| Whistler | 1997-12-09 | 2025-01-11 |   27 |
| Slim     | 1996-04-29 | 2025-01-11 |   28 |
| Puffball | 1999-03-30 | 2025-01-11 |   25 |
+----------+------------+------------+------+
9 rows in set (0.01 sec)
---------

[source,sql]
---------
mysql> SELECT name, birth, death,
    -> TIMESTAMPDIFF(YEAR, birth, death) AS age
    -> FROM pet WHERE death is NOT NULL ORDER BY age;
+--------+------------+------------+------+
| name   | birth      | death      | age  |
+--------+------------+------------+------+
| Bowser | 1989-08-31 | 1995-07-29 |    5 |
+--------+------------+------------+------+
1 row in set (0.01 sec)
---------

[source,sql]
---------
mysql> SELECT name, birth, MONTH(birth) FROM pet;
+----------+------------+--------------+
| name     | birth      | MONTH(birth) |
+----------+------------+--------------+
| Fluffy   | 1993-02-04 |            2 |
| Claws    | 1994-03-17 |            3 |
| Buffy    | 1989-05-13 |            5 |
| Fang     | 1990-08-27 |            8 |
| Bowser   | 1989-08-31 |            8 |
| Chirpy   | 1998-09-11 |            9 |
| Whistler | 1997-12-09 |           12 |
| Slim     | 1996-04-29 |            4 |
| Puffball | 1999-03-30 |            3 |
+----------+------------+--------------+
9 rows in set (0.00 sec)
---------

[source,sql]
---------
mysql> SELECT name, birth FROM pet WHERE MONTH(birth) = 5;
+-------+------------+
| name  | birth      |
+-------+------------+
| Buffy | 1989-05-13 |
+-------+------------+
1 row in set (0.00 sec)
---------

[source,sql]
---------
mysql> SELECT name, birth FROM pet
    -> WHERE MONTH(birth) = MONTH(DATE_ADD(CURDATE(), INTERVAL 1 MONTH));
+--------+------------+
| name   | birth      |
+--------+------------+
| Fluffy | 1993-02-04 |
+--------+------------+
1 row in set (0.01 sec)
---------

[source,sql]
---------
mysql> SELECT name, birth FROM pet
    -> WHERE MONTH(birth) = MOD(MONTH(CURDATE()), 12) + 1;
+--------+------------+
| name   | birth      |
+--------+------------+
| Fluffy | 1993-02-04 |
+--------+------------+
1 row in set (0.00 sec)
---------

[source,sql]
---------
mysql> SELECT '2018-10-32' + INTERVAL 1 DAY;
+-------------------------------+
| '2018-10-32' + INTERVAL 1 DAY |
+-------------------------------+
| NULL                          |
+-------------------------------+
1 row in set, 1 warning (0.00 sec)
---------

[source,sql]
---------
mysql> SHOW WARNINGS;
+---------+------+----------------------------------------+
| Level   | Code | Message                                |
+---------+------+----------------------------------------+
| Warning | 1292 | Incorrect datetime value: '2018-10-32' |
+---------+------+----------------------------------------+
1 row in set (0.00 sec)
---------

===== https://dev.mysql.com/doc/refman/9.1/en/working-with-null.html[Working with NULL Values]

[source,sql]
---------
mysql> SELECT 1 IS NULL, 1 IS NOT NULL;
+-----------+---------------+
| 1 IS NULL | 1 IS NOT NULL |
+-----------+---------------+
|         0 |             1 |
+-----------+---------------+
1 row in set (0.01 sec)
---------

===== https://dev.mysql.com/doc/refman/9.1/en/pattern-matching.html[Pattern Matching]

[source,sql]
---------
mysql> SELECT * FROM pet WHERE name LIKE 'b%';
+--------+--------+---------+------+------------+------------+
| name   | owner  | species | sex  | birth      | death      |
+--------+--------+---------+------+------------+------------+
| Buffy  | Harold | dog     | f    | 1989-05-13 | NULL       |
| Bowser | Diane  | dog     | m    | 1989-08-31 | 1995-07-29 |
+--------+--------+---------+------+------------+------------+
2 rows in set (0.01 sec)
---------

[source,sql]
---------
mysql> SELECT * FROM pet WHERE name LIKE '%w%';
+----------+-------+---------+------+------------+------------+
| name     | owner | species | sex  | birth      | death      |
+----------+-------+---------+------+------------+------------+
| Claws    | Gwen  | cat     | m    | 1994-03-17 | NULL       |
| Bowser   | Diane | dog     | m    | 1989-08-31 | 1995-07-29 |
| Whistler | Gwen  | bird    | NULL | 1997-12-09 | NULL       |
+----------+-------+---------+------+------------+------------+
3 rows in set (0.01 sec)
---------


[source,sql]
---------
mysql> SELECT * FROM pet WHERE name LIKE '_____';
+-------+--------+---------+------+------------+-------+
| name  | owner  | species | sex  | birth      | death |
+-------+--------+---------+------+------------+-------+
| Claws | Gwen   | cat     | m    | 1994-03-17 | NULL  |
| Buffy | Harold | dog     | f    | 1989-05-13 | NULL  |
+-------+--------+---------+------+------------+-------+
2 rows in set (0.00 sec)
---------

[source,sql]
---------
mysql> SELECT * FROM pet WHERE REGEXP_LIKE(name, '^b');
+--------+--------+---------+------+------------+------------+
| name   | owner  | species | sex  | birth      | death      |
+--------+--------+---------+------+------------+------------+
| Buffy  | Harold | dog     | f    | 1989-05-13 | NULL       |
| Bowser | Diane  | dog     | m    | 1989-08-31 | 1995-07-29 |
+--------+--------+---------+------+------------+------------+
2 rows in set (0.02 sec)
---------

[source,sql]
---------
mysql> SELECT * FROM pet WHERE REGEXP_LIKE(name, '^b', 'c');
Empty set (0.00 sec)
mysql> SELECT * FROM pet WHERE REGEXP_LIKE(name, '^B', 'c');
+--------+--------+---------+------+------------+------------+
| name   | owner  | species | sex  | birth      | death      |
+--------+--------+---------+------+------------+------------+
| Buffy  | Harold | dog     | f    | 1989-05-13 | NULL       |
| Bowser | Diane  | dog     | m    | 1989-08-31 | 1995-07-29 |
+--------+--------+---------+------+------------+------------+
2 rows in set (0.01 sec)
---------

[source,sql]
---------
mysql> SELECT * FROM pet WHERE REGEXP_LIKE(name, 'w');
+----------+-------+---------+------+------------+------------+
| name     | owner | species | sex  | birth      | death      |
+----------+-------+---------+------+------------+------------+
| Claws    | Gwen  | cat     | m    | 1994-03-17 | NULL       |
| Bowser   | Diane | dog     | m    | 1989-08-31 | 1995-07-29 |
| Whistler | Gwen  | bird    | NULL | 1997-12-09 | NULL       |
+----------+-------+---------+------+------------+------------+
3 rows in set (0.00 sec)
---------

[source,sql]
---------
mysql> SELECT * FROM pet WHERE REGEXP_LIKE(name, '^.....$');
+-------+--------+---------+------+------------+-------+
| name  | owner  | species | sex  | birth      | death |
+-------+--------+---------+------+------------+-------+
| Claws | Gwen   | cat     | m    | 1994-03-17 | NULL  |
| Buffy | Harold | dog     | f    | 1989-05-13 | NULL  |
+-------+--------+---------+------+------------+-------+
2 rows in set (0.00 sec)
---------

[source,sql]
---------
mysql> SELECT * FROM pet WHERE REGEXP_LIKE(name, '^.{5}$');
+-------+--------+---------+------+------------+-------+
| name  | owner  | species | sex  | birth      | death |
+-------+--------+---------+------+------------+-------+
| Claws | Gwen   | cat     | m    | 1994-03-17 | NULL  |
| Buffy | Harold | dog     | f    | 1989-05-13 | NULL  |
+-------+--------+---------+------+------------+-------+
2 rows in set (0.00 sec)
---------

===== https://dev.mysql.com/doc/refman/9.1/en/counting-rows.html[Counting Rows]

[source,sql]
---------
mysql> SELECT COUNT(*) FROM pet;
+----------+
| COUNT(*) |
+----------+
|        9 |
+----------+
1 row in set (0.02 sec)
---------

[source,sql]
---------
mysql> SELECT owner, COUNT(*) FROM pet GROUP BY owner;
+--------+----------+
| owner  | COUNT(*) |
+--------+----------+
| Harold |        2 |
| Gwen   |        3 |
| Benny  |        2 |
| Diane  |        2 |
+--------+----------+
4 rows in set (0.02 sec)
---------

[source,sql]
---------
mysql> SELECT species, COUNT(*) FROM pet GROUP BY species;
+---------+----------+
| species | COUNT(*) |
+---------+----------+
| cat     |        2 |
| dog     |        3 |
| bird    |        2 |
| snake   |        1 |
| hamster |        1 |
+---------+----------+
5 rows in set (0.01 sec)
---------

[source,sql]
---------
mysql> SELECT sex, COUNT(*) FROM pet GROUP BY sex;
+------+----------+
| sex  | COUNT(*) |
+------+----------+
| f    |        4 |
| m    |        4 |
| NULL |        1 |
+------+----------+
3 rows in set (0.00 sec)
---------

[source,sql]
---------
mysql> SELECT species, sex, COUNT(*) FROM pet GROUP BY species, sex;
+---------+------+----------+
| species | sex  | COUNT(*) |
+---------+------+----------+
| cat     | f    |        1 |
| cat     | m    |        1 |
| dog     | f    |        1 |
| dog     | m    |        2 |
| bird    | f    |        1 |
| bird    | NULL |        1 |
| snake   | m    |        1 |
| hamster | f    |        1 |
+---------+------+----------+
8 rows in set (0.00 sec)
---------

[source,sql]
---------
mysql> SELECT species, sex, COUNT(*) FROM pet
    -> WHERE species = 'dog' OR species = 'cat'
    -> GROUP BY species, sex;
+---------+------+----------+
| species | sex  | COUNT(*) |
+---------+------+----------+
| cat     | f    |        1 |
| cat     | m    |        1 |
| dog     | f    |        1 |
| dog     | m    |        2 |
+---------+------+----------+
4 rows in set (0.00 sec)
---------

[source,sql]
---------
mysql> SELECT owner, COUNT(*) FROM pet;
ERROR 1140 (42000): In aggregated query without GROUP BY, expression #1 of SELECT list contains nonaggregated column 'menagerie.pet.owner'; this is incompatible with sql_mode=only_full_group_by
---------


[source,sql]
---------
mysql> SET sql_mode = '';
Query OK, 0 rows affected (0.00 sec)
---------


[source,sql]
---------
mysql> SELECT owner, COUNT(*) FROM pet;
+--------+----------+
| owner  | COUNT(*) |
+--------+----------+
| Harold |        9 |
+--------+----------+
1 row in set (0.01 sec)
---------

===== https://dev.mysql.com/doc/refman/9.1/en/multiple-tables.html[Using More Than one Table]

[source,sql]
---------
mysql> CREATE TABLE event (name VARCHAR(20), date DATE,
    -> type VARCHAR(15), remark VARCHAR(255));
---------

[source,sql]
---------
mysql> DESCRIBE event;
+--------+--------------+------+-----+---------+-------+
| Field  | Type         | Null | Key | Default | Extra |
+--------+--------------+------+-----+---------+-------+
| name   | varchar(20)  | YES  |     | NULL    |       |
| date   | date         | YES  |     | NULL    |       |
| type   | varchar(15)  | YES  |     | NULL    |       |
| remark | varchar(255) | YES  |     | NULL    |       |
+--------+--------------+------+-----+---------+-------+
4 rows in set (0.01 sec)
---------

[source,sql]
---------
mysql> INSERT INTO event VALUES('Fluffy', '1995-05-15', 'litter', '4 kittens, 3 female, 1 male');
Query OK, 1 row affected (0.01 sec)
---------

[source,sql]
---------
INSERT INTO event VALUES('Buffy', '1993-06-23', 'litter', '5 puppies, 2 female, 3 male');
INSERT INTO event VALUES('Buffy', '1994-06-19', 'litter', '3 puppies, 3 female');
INSERT INTO event VALUES('Chirpy', '1999-03-21', 'vet', 'needed beak straightened');
INSERT INTO event VALUES('Slim', '1997-08-03', 'vet', 'broken rib');
INSERT INTO event VALUES('Bowser', '1991-10-12', 'kennel', NULL);
INSERT INTO event VALUES('Fang', '1991-10-12', 'kennel', NULL);
INSERT INTO event VALUES('Fang', '1998-08-28', 'birthday', 'Gave him a new chew toy');
INSERT INTO event VALUES('Claws', '1998-03-17', 'birthday', 'Gave him a new flea collar');
INSERT INTO event VALUES('Whistler', '1998-12-09', 'birthday', 'First birthday');
---------

[source,sql]
---------

mysql> SELECT * FROM event;
+----------+------------+----------+-----------------------------+
| name     | date       | type     | remark                      |
+----------+------------+----------+-----------------------------+
| Fluffy   | 1995-05-15 | litter   | 4 kittens, 3 female, 1 male |
| Buffy    | 1993-06-23 | litter   | 5 puppies, 2 female, 3 male |
| Buffy    | 1994-06-19 | litter   | 3 puppies, 3 female         |
| Chirpy   | 1999-03-21 | vet      | needed beak straightened    |
| Slim     | 1997-08-03 | vet      | broken rib                  |
| Bowser   | 1991-10-12 | kennel   | NULL                        |
| Fang     | 1991-10-12 | kennel   | NULL                        |
| Fang     | 1998-08-28 | birthday | Gave him a new chew toy     |
| Claws    | 1998-03-17 | birthday | Gave him a new flea collar  |
| Whistler | 1998-12-09 | birthday | First birthday              |
+----------+------------+----------+-----------------------------+
10 rows in set (0.01 sec)
---------

[source,sql]
---------
mysql> SELECT pet.name,
    -> TIMESTAMPDIFF(YEAR, birth, date) AS age,
    -> remark
    -> FROM pet INNER JOIN event
    -> ON pet.name = event.name
    -> WHERE event.type = 'litter';
+--------+------+-----------------------------+
| name   | age  | remark                      |
+--------+------+-----------------------------+
| Fluffy |    2 | 4 kittens, 3 female, 1 male |
| Buffy  |    5 | 3 puppies, 3 female         |
| Buffy  |    4 | 5 puppies, 2 female, 3 male |
+--------+------+-----------------------------+
3 rows in set (0.00 sec)
---------

[source,sql]
---------
mysql> SELECT p1.name, p1.sex, p2.name, p2.sex, p1.species
    -> FROM pet AS p1 INNER JOIN pet AS p2
    ->  ON p1.species = p2.species
    -> AND p1.sex = 'f' AND p1.death IS NULL
    -> AND p2.sex = 'm' AND p2.death IS NULL;
+--------+------+-------+------+---------+
| name   | sex  | name  | sex  | species |
+--------+------+-------+------+---------+
| Fluffy | f    | Claws | m    | cat     |
| Buffy  | f    | Fang  | m    | dog     |
+--------+------+-------+------+---------+
2 rows in set (0.00 sec)
---------
