
=== https://dev.mysql.com/doc/refman/9.1/en/examples.html[Examples of Common Queries]


[source,sql]
---------
CREATE TABLE shop (
    article INT UNSIGNED DEFAULT '0000' NOT NULL,
    dealer CHAR(20) DEFAULT '' NOT NULL,
    price DECIMAL(16, 2) DEFAULT '0.00' NOT NULL,
    PRIMARY KEY(article, dealer));
---------


[source,sql]
---------
INSERT INTO shop VALUES
    (1,'A',3.45),(1,'B',3.99),(2,'A',10.99),(3,'B',1.45),
    (3,'C',1.69),(3,'D',1.25),(4,'D',19.95);
---------

[source,sql]
---------
mysql> SELECT * FROM shop ORDER BY article;
+---------+--------+-------+
| article | dealer | price |
+---------+--------+-------+
|       1 | A      |  3.45 |
|       1 | B      |  3.99 |
|       2 | A      | 10.99 |
|       3 | B      |  1.45 |
|       3 | C      |  1.69 |
|       3 | D      |  1.25 |
|       4 | D      | 19.95 |
+---------+--------+-------+
7 rows in set (0.00 sec)
---------

==== https://dev.mysql.com/doc/refman/9.1/en/example-maximum-column.html[The Maximum Value for a Column]

[source,sql]
---------
mysql> SELECT MAX(article) AS article FROM shop;
+---------+
| article |
+---------+
|       4 |
+---------+
1 row in set (0.01 sec)
---------

[source,sql]
---------
mysql> SELECT article, dealer, price
    -> FROM shop
    -> WHERE price = (SELECT MAX(price) FROM shop);
+---------+--------+-------+
| article | dealer | price |
+---------+--------+-------+
|       4 | D      | 19.95 |
+---------+--------+-------+
1 row in set (0.01 sec)
---------

[source,sql]
---------
SELECT *
FROM shop s1
LEFT JOIN shop s2
ON s1.price < s2.price;
---------

[source,sql]
---------
mysql> SELECT s1.article, s1.dealer, s1.price
    -> FROM shop s1
    -> LEFT JOIN shop s2
    -> ON s1.price < s2.price
    -> WHERE s2.article IS NULL;
+---------+--------+-------+
| article | dealer | price |
+---------+--------+-------+
|       4 | D      | 19.95 |
+---------+--------+-------+
1 row in set (0.00 sec)
---------

[source,sql]
---------
mysql> SELECT article, dealer, price
    -> FROM shop
    -> ORDER BY price DESC
    -> LIMIT 1;
+---------+--------+-------+
| article | dealer | price |
+---------+--------+-------+
|       4 | D      | 19.95 |
+---------+--------+-------+
1 row in set (0.01 sec)
---------

==== https://dev.mysql.com/doc/refman/9.1/en/example-maximum-column-group.html[Maximum of Column per Group]

[source,sql]
---------
mysql> SELECT article, MAX(price) AS price
    -> FROM shop
    -> GROUP BY article
    -> ORDER BY article;
+---------+-------+
| article | price |
+---------+-------+
|       1 |  3.99 |
|       2 | 10.99 |
|       3 |  1.69 |
|       4 | 19.95 |
+---------+-------+
4 rows in set (0.00 sec)
---------

==== https://dev.mysql.com/doc/refman/9.1/en/example-maximum-column-group-row.html[The Rows Holding the Group-wise Maximum of a Certain Column]

[source,sql]
---------
mysql> SELECT article, dealer, price
    -> FROM shop s1
    -> WHERE price = (SELECT MAX(s2.price)
    ->                FROM shop s2
    ->                WHERE s1.article = s2.article)
    -> ORDER BY article;
+---------+--------+-------+
| article | dealer | price |
+---------+--------+-------+
|       1 | B      |  3.99 |
|       2 | A      | 10.99 |
|       3 | C      |  1.69 |
|       4 | D      | 19.95 |
+---------+--------+-------+
4 rows in set (0.01 sec)
---------

[source,sql]
---------
mysql> SELECT s1.article, dealer, s1.price
    -> FROM shop s1
    -> JOIN (
    ->     SELECT article, MAX(price) AS price
    ->     FROM shop
    ->     GROUP BY article) AS s2
    ->     ON s1.article = s2.article AND s1.price = s2.price
    -> ORDER BY article;
+---------+--------+-------+
| article | dealer | price |
+---------+--------+-------+
|       1 | B      |  3.99 |
|       2 | A      | 10.99 |
|       3 | C      |  1.69 |
|       4 | D      | 19.95 |
+---------+--------+-------+
4 rows in set (0.01 sec)
---------

[source,sql]
---------

mysql> SELECT s1.article, s1.dealer, s1.price
    -> FROM shop s1
    -> LEFT JOIN shop s2 ON s1.article = s2.article AND s1.price < s2.price
    -> WHERE s2.article IS NULL
    -> ORDER BY s1.article;
+---------+--------+-------+
| article | dealer | price |
+---------+--------+-------+
|       1 | B      |  3.99 |
|       2 | A      | 10.99 |
|       3 | C      |  1.69 |
|       4 | D      | 19.95 |
+---------+--------+-------+
4 rows in set (0.01 sec)
---------

[source,sql]
---------
mysql> SELECT article, dealer, price,
    ->     RANK() OVER (PARTITION BY article
    ->                  ORDER BY price DESC) AS `RANK`
    -> FROM shop;
+---------+--------+-------+------+
| article | dealer | price | RANK |
+---------+--------+-------+------+
|       1 | B      |  3.99 |    1 |
|       1 | A      |  3.45 |    2 |
|       2 | A      | 10.99 |    1 |
|       3 | C      |  1.69 |    1 |
|       3 | B      |  1.45 |    2 |
|       3 | D      |  1.25 |    3 |
|       4 | D      | 19.95 |    1 |
+---------+--------+-------+------+
7 rows in set (0.00 sec)
---------

[source,sql]
---------
mysql> WITH s1 AS (
    ->     SELECT article, dealer, price,
    ->         RANK() OVER (PARTITION BY article
    ->                      ORDER BY price DESC) AS `RANK`
    ->     FROM shop
    -> )
    -> SELECT article, dealer, price
    -> FROM s1
    -> WHERE `Rank` = 1
    -> ORDER BY article;
+---------+--------+-------+
| article | dealer | price |
+---------+--------+-------+
|       1 | B      |  3.99 |
|       2 | A      | 10.99 |
|       3 | C      |  1.69 |
|       4 | D      | 19.95 |
+---------+--------+-------+
4 rows in set (0.00 sec)
---------

==== https://dev.mysql.com/doc/refman/9.1/en/example-user-variables.html[Using User-Defined Variables]

[source,sql]
---------
mysql> SELECT @min_price:=MIN(price), @max_price:=MAX(price) FROM shop;
+------------------------+------------------------+
| @min_price:=MIN(price) | @max_price:=MAX(price) |
+------------------------+------------------------+
|                   1.25 |                  19.95 |
+------------------------+------------------------+
1 row in set, 2 warnings (0.00 sec)
---------

[source,sql]
---------
mysql> SELECT * FROM shop WHERE price=@min_price OR price=@max_price;
+---------+--------+-------+
| article | dealer | price |
+---------+--------+-------+
|       3 | D      |  1.25 |
|       4 | D      | 19.95 |
+---------+--------+-------+
2 rows in set (0.00 sec)
---------

==== https://dev.mysql.com/doc/refman/9.1/en/example-foreign-keys.html[Using Foreign Keys]

[source,sql]
---------
CREATE TABLE parent (
    id INT NOT NULL,
    PRIMARY KEY (id)
) ENGINE=INNODB;
---------

[source,sql]
---------
CREATE TABLE child (
    id INT,
    parent_id INT,
    INDEX par_ind (parent_id),
    FOREIGN KEY (parent_id) REFERENCES parent(id)
) ENGINE=INNODB;
---------

[source,sql]
---------
INSERT INTO parent (id) VALUES ROW(1);
---------

[source,sql]
---------
mysql> TABLE parent;
+----+
| id |
+----+
|  1 |
+----+
1 row in set (0.01 sec)
---------

[source,sql]
---------
INSERT INTO child (id, parent_id) VALUES ROW(1, 1);
---------

[source,sql]
---------
mysql> INSERT INTO child (id, parent_id) VALUES ROW(2, 2);
ERROR 1452 (23000): Cannot add or update a child row: a foreign key constraint fails (`menagerie`.`child`, CONSTRAINT `child_ibfk_1` FOREIGN KEY (`parent_id`) REFERENCES `parent` (`id`))
---------

[source,sql]
---------
mysql> DELETE FROM parent WHERE id = 1;
ERROR 1451 (23000): Cannot delete or update a parent row: a foreign key constraint fails (`menagerie`.`child`, CONSTRAINT `child_ibfk_1` FOREIGN KEY (`parent_id`) REFERENCES `parent` (`id`))
---------

[source,sql]
---------
DROP TABLE child;
---------

[source,sql]
---------
CREATE TABLE child (
    id INT,
    parent_id INT,
    INDEX par_ind (parent_id),
    FOREIGN KEY (parent_id)
        REFERENCES parent(id)
        ON UPDATE CASCADE
        ON DELETE CASCADE
) ENGINE=INNODB;
---------

[source,sql]
---------
INSERT INTO child (id, parent_id) VALUES ROW(1, 1), ROW(2, 1), ROW(3, 1);
---------

[source,sql]
---------
mysql> TABLE child;
+------+-----------+
| id   | parent_id |
+------+-----------+
|    1 |         1 |
|    2 |         1 |
|    3 |         1 |
+------+-----------+
3 rows in set (0.01 sec)
---------

[source,sql]
---------
UPDATE parent SET id = 2 WHERE id = 1;
---------

[source,sql]
---------
mysql> TABLE parent;
+----+
| id |
+----+
|  2 |
+----+
1 row in set (0.01 sec)
---------

[source,sql]
---------
mysql> TABLE child;
+------+-----------+
| id   | parent_id |
+------+-----------+
|    1 |         2 |
|    2 |         2 |
|    3 |         2 |
+------+-----------+
3 rows in set (0.00 sec)
---------


[source,sql]
---------
DELETE FROM parent WHERE id = 2;
---------


[source,sql]
---------
mysql> TABLE child;
Empty set (0.00 sec)
---------

==== https://dev.mysql.com/doc/refman/9.1/en/searching-on-two-keys.html[Search on Two Keys]

==== https://dev.mysql.com/doc/refman/9.1/en/calculating-days.html[Calculate Visits Per Day]

[source,sql]
---------
CREATE TABLE t1 (year YEAR, month INT UNSIGNED,
                 day INT UNSIGNED);
INSERT INTO t1 VALUES (2000,1,1),(2000,1,20),(2000,1,30),(2000,2,2),
            (2000,2,23),(2000,2,23);
---------


[source,sql]
---------
mysql> SELECT * FROM t1;
+------+-------+------+
| year | month | day  |
+------+-------+------+
| 2000 |     1 |    1 |
| 2000 |     1 |   20 |
| 2000 |     1 |   30 |
| 2000 |     2 |    2 |
| 2000 |     2 |   23 |
| 2000 |     2 |   23 |
+------+-------+------+
6 rows in set (0.00 sec)
---------


[source,sql]
---------
mysql> SELECT year, month, BIT_COUNT(BIT_OR(1<<day)) AS days
    -> FROM t1
    -> GROUP BY year, month;
+------+-------+------+
| year | month | days |
+------+-------+------+
| 2000 |     1 |    3 |
| 2000 |     2 |    2 |
+------+-------+------+
2 rows in set (0.00 sec)
---------

==== https://dev.mysql.com/doc/refman/9.1/en/example-auto-increment.html[Using AUTO_INCREMENT]

[source,sql]
---------
CREATE TABLE animals (
    id MEDIUMINT NOT NULL AUTO_INCREMENT,
    name CHAR(30) NOT NULL,
    PRIMARY KEY(id)
);
---------


[source,sql]
---------
INSERT INTO animals (name) VALUES
    ('dog'),('cat'),('penguin'),
    ('lax'),('whale'),('ostrich');
---------

[source,sql]
---------
mysql> SELECT * FROM animals;
+----+---------+
| id | name    |
+----+---------+
|  1 | dog     |
|  2 | cat     |
|  3 | penguin |
|  4 | lax     |
|  5 | whale   |
|  6 | ostrich |
+----+---------+
6 rows in set (0.00 sec)
---------

[source,sql]
---------
INSERT INTO animals (id,name) VALUES(NULL,'squirrel');
---------

[source,sql]
---------
mysql> SELECT * FROM animals;
+----+----------+
| id | name     |
+----+----------+
|  1 | dog      |
|  2 | cat      |
|  3 | penguin  |
|  4 | lax      |
|  5 | whale    |
|  6 | ostrich  |
|  7 | squirrel |
+----+----------+
7 rows in set (0.00 sec)
---------

[source,sql]
---------
mysql> SELECT LAST_INSERT_ID();
+------------------+
| LAST_INSERT_ID() |
+------------------+
|                7 |
+------------------+
1 row in set (0.00 sec)
---------
